aibara = Allen Ibara <uce.savannah@ibara.net>
andy_hb = Andreas Kleinert <kleinert@fbe.hs-bremen.de>
antonk = Anton Kochevar <akochevar@gmail.com>
bvandepo = Vandeportaele Bertrand <bvandepo@laas.fr>
cracmike = Michel Gorraz <michel.gorraz@gmail.com>
dewagter = Christophe De Wagter <c.dewagter@tudelft.nl>
disciple = Louis Dugrain <disciple@melix.net>
esden = Piotr Esden-Tempski <piotr@esden.net>
flixr = Felix Ruess <felix.ruess@gmail.com>
fuchsto = Tobias Fuchs <twh.fuchs@gmail.com>
gany = Ganymed Stanek <ganymed@stanek.ch>
gautier = Gautier Hattenberger <gautier.hattenberger@enac.fr>
ghorn = Greg Horn <gregmainland@gmail.com>
gov = Gustavo Oliveira Violato <gustavoviolato@gmail.com>
gph = Pierre-Selim Huard <ps.huard@gmail.com>
hecto = Pascal Brisset <pascal.brisset@free.fr>
jpdumont = jpdumont <USER@DOMAIN>
lamestllama = Eric Parsonage <eric@eparsonage.com>
marcuswolschon = Marcus Wolschon <Marcus@Wolschon.biz>
markgriffin = Mark Griffin <mark.griffin@itu.int>
mayrit = Murat Bronz <muratbronz@gmail.com>
mdieblich = Martin Dieblich <martin.dieblich@gmx.de>
milesj = Miles Johnson <johnson.miles@gmail.com>
mmm = Martin Mueller <martin@pfump.org>
nzjrs = John Stowers <john.stowers@gmail.com>
olri = Oliver Riesener <Oliver.Riesener@hs-bremen.de>
osam = OSAM-UAV Team <daniel.morgan@aggiemail.usu.edu>
paulcox = Paul Cox <pauldanielcox@gmail.com>
peddie = Matthew Peddie <mpeddie@gmail.com>
pixhawkteam = Pixhawk Team <pixhawk@switched.com>
poine = Antoine Drouin <poinix@gmail.com>
rad = rad <USER@DOMAIN>
rbdavison = Bernard Davison <bernard@gondwana.com.au>
rkrash = Roman Krashanitsa <ryk@email.arizona.edu>
sergio812 = Serge Le Huitouze <serge.lehuitouze@gmail.com>
vassilis = Vassilis V. <vassilis@vrhome.net>
